idno,cntry,ppltrst,trstprl,trstlgl,trstplc,trstplt,trstprt,trstep,trstun
110,DK,8,8,Complete trust,Complete trust,7,8,5,8
705,DK,5,6,8,9,3,3,4,1
1327,DK,5,7,5,2,5,6,Don't know,Don't know
3760,DK,7,5,9,9,5,5,5,8
4658,DK,8,8,8,8,6,6,3,Don't know
5816,DK,7,5,6,6,4,6,3,7
7251,DK,5,5,6,8,5,4,7,6
7887,DK,8,8,9,8,8,8,6,6
9607,DK,9,9,Complete trust,9,7,7,7,7
11123,DK,7,4,9,8,3,6,5,7
11688,DK,5,Complete trust,7,Complete trust,7,7,4,4
12355,DK,5,5,6,8,4,5,Don't know,4
16357,DK,5,3,3,4,4,4,4,5
17504,DK,4,5,6,8,5,5,8,8
19970,DK,9,7,9,9,8,8,8,8
20724,DK,5,5,6,7,4,4,4,6
22248,DK,9,7,9,9,5,7,5,6
24928,DK,8,6,3,3,5,5,5,5
27000,DK,5,8,9,9,7,6,6,8
27211,DK,7,7,9,8,7,6,6,7
27650,DK,7,5,5,5,5,5,4,5
28202,DK,7,4,6,3,6,3,5,5
29156,DK,8,9,Complete trust,9,6,6,8,9
29471,DK,8,9,9,9,7,7,6,9
31317,DK,6,5,7,8,5,5,4,5
32191,DK,8,5,8,6,3,3,3,5
33174,DK,9,9,9,9,8,8,8,9
33307,DK,7,7,8,8,4,4,3,2
34031,DK,8,7,9,9,6,6,7,9
34446,DK,8,7,9,Complete trust,6,6,8,9
34955,DK,6,5,6,6,5,5,6,6
38221,DK,7,7,9,9,6,6,6,8
38848,DK,9,9,Complete trust,Complete trust,9,8,5,8
38971,DK,6,8,6,4,8,8,Don't know,Don't know
39619,DK,8,8,7,7,5,8,5,8
40317,DK,6,3,6,8,2,3,4,6
40476,DK,7,5,9,9,5,3,7,8
42274,DK,8,8,8,9,7,7,7,7
44490,DK,9,8,9,Complete trust,6,6,8,5
46190,DK,6,3,Complete trust,7,3,3,2,5
46404,DK,8,8,9,9,7,7,6,8
46606,DK,8,8,9,9,5,6,4,8
47316,DK,7,Complete trust,Complete trust,Complete trust,6,6,7,Complete trust
48773,DK,9,9,8,8,7,7,6,6
49450,DK,8,6,9,9,5,5,7,5
50526,DK,7,2,5,8,4,4,4,4
52559,DK,6,5,3,4,5,4,7,8
53574,DK,9,8,Complete trust,Complete trust,5,8,8,Complete trust
55481,DK,8,7,4,8,6,6,7,7
56690,DK,2,5,7,Complete trust,6,5,5,8
58403,DK,8,5,9,9,6,5,3,7
59410,DK,8,9,9,7,8,7,8,8
59841,DK,8,5,7,9,4,4,4,6
61995,DK,6,6,7,7,5,5,5,5
62055,DK,2,4,Complete trust,Complete trust,5,5,5,7
62232,DK,5,7,Complete trust,Complete trust,3,3,No trust at all,2
62601,DK,8,6,8,8,7,6,5,7
63738,DK,5,6,7,9,2,2,2,8
64617,DK,8,7,8,8,7,7,Don't know,Don't know
66405,DK,7,6,8,8,4,4,5,7
66500,DK,Most people can be trusted,5,Complete trust,Complete trust,5,2,Don't know,Don't know
66561,DK,8,8,9,9,8,8,8,8
68174,DK,7,4,Complete trust,Complete trust,6,Complete trust,No trust at all,6
68781,DK,9,6,9,8,3,4,6,8
69758,DK,3,2,4,No trust at all,5,5,3,7
75245,DK,7,4,2,3,3,3,3,6
75287,DK,8,5,9,9,6,6,Don't know,Don't know
75328,DK,8,9,Complete trust,9,6,7,7,8
75393,DK,9,8,7,Complete trust,7,5,7,8
75408,DK,7,8,9,9,6,5,7,9
75478,DK,7,7,5,8,5,6,7,7
75552,DK,6,6,Complete trust,7,5,5,5,7
75748,DK,7,6,7,7,6,6,6,7
75839,DK,3,5,8,8,5,5,3,1
75850,DK,9,8,9,9,8,8,8,9
75969,DK,6,3,5,3,5,5,Don't know,Don't know
75971,DK,7,8,9,9,7,7,6,6
76109,DK,5,8,Complete trust,Complete trust,6,6,2,6
76113,DK,6,4,6,9,2,2,3,5
76127,DK,7,6,6,7,5,5,7,7
76225,DK,7,8,9,8,7,6,8,9
76259,DK,5,7,7,8,6,7,7,7
76452,DK,7,5,7,9,4,4,6,9
76553,DK,6,5,7,7,3,3,4,6
76667,DK,8,Complete trust,8,Complete trust,6,7,8,8
76690,DK,9,6,9,8,6,Don't know,5,5
76768,DK,6,7,8,9,6,6,5,5
76803,DK,8,7,8,9,4,5,7,8
76848,DK,5,4,5,5,2,1,2,6
76854,DK,8,8,7,8,4,4,Refusal,5
76863,DK,4,8,Complete trust,Complete trust,6,4,9,9
76958,DK,6,6,6,8,4,4,1,6
76965,DK,8,5,8,8,4,4,4,4
77062,DK,9,Complete trust,Complete trust,Complete trust,9,9,5,Complete trust
77093,DK,8,Complete trust,Complete trust,Complete trust,7,7,7,9
77138,DK,8,6,8,7,4,4,4,3
77153,DK,8,6,8,Complete trust,8,Don't know,7,7
77167,DK,9,8,Complete trust,Complete trust,7,7,7,6
77198,DK,8,5,Complete trust,9,4,Don't know,No answer,7
77275,DK,8,7,8,8,6,6,6,6
77284,DK,7,4,7,5,5,4,3,3
77301,DK,9,8,9,9,6,6,6,8
77371,DK,8,Complete trust,Complete trust,Complete trust,8,8,8,Complete trust
77400,DK,9,5,8,9,5,5,5,8
77420,DK,8,6,7,8,7,6,Don't know,Don't know
77445,DK,4,4,5,5,3,4,3,5
77627,DK,7,6,8,Complete trust,6,7,5,8
77693,DK,8,8,9,9,6,7,5,8
77736,DK,8,5,6,8,5,5,6,7
77785,DK,7,No trust at all,5,8,No trust at all,No trust at all,5,8
77833,DK,8,3,3,8,5,5,5,5
77940,DK,7,5,7,8,7,9,6,7
78061,DK,9,No trust at all,No trust at all,No trust at all,No trust at all,No trust at all,No trust at all,5
78179,DK,8,8,4,4,7,7,6,No trust at all
78485,DK,8,9,Complete trust,9,6,6,6,9
78563,DK,8,7,9,9,5,4,5,9
78605,DK,7,4,7,7,3,3,5,Don't know
78613,DK,4,2,6,7,2,2,3,3
78714,DK,6,5,6,6,4,4,5,5
78728,DK,7,8,1,8,5,7,7,7
78838,DK,7,7,9,9,6,6,7,7
78996,DK,7,8,Complete trust,9,7,Don't know,5,5
79006,DK,8,5,7,9,4,4,5,6
79054,DK,9,6,8,8,4,4,4,4
79126,DK,7,Complete trust,Complete trust,8,6,8,9,9
79130,DK,8,6,8,8,6,6,6,8
79296,DK,6,9,9,9,7,8,5,9
79300,DK,6,Complete trust,Complete trust,Complete trust,5,6,Complete trust,Complete trust
79301,DK,8,6,9,9,6,2,7,7
79357,DK,7,7,9,6,3,4,7,9
79376,DK,6,5,7,9,6,6,5,9
79460,DK,9,7,8,7,8,8,8,8
79520,DK,5,2,7,7,2,2,2,2
79533,DK,7,7,8,9,6,6,6,7
79550,DK,3,3,6,8,3,3,3,3
79596,DK,3,3,5,6,2,2,1,4
79851,DK,3,7,7,8,4,4,5,5
79882,DK,7,8,Don't know,Complete trust,7,7,8,Complete trust
79975,DK,8,8,8,6,7,6,7,6
80016,DK,7,2,2,Complete trust,1,2,No trust at all,7
80032,DK,7,7,7,9,6,7,6,8
80037,DK,1,2,2,4,No trust at all,No trust at all,No trust at all,No trust at all
80081,DK,4,9,9,9,7,8,5,9
80103,DK,9,5,9,Complete trust,6,4,8,7
80114,DK,8,3,8,7,2,3,6,Complete trust
80132,DK,8,5,Complete trust,Complete trust,2,5,No trust at all,Complete trust
80149,DK,8,5,7,7,3,3,Refusal,5
80193,DK,7,8,8,8,5,7,5,5
80200,DK,9,8,9,8,7,7,8,8
80205,DK,You can't be too careful,7,8,6,6,5,Don't know,6
80321,DK,2,2,No trust at all,8,No trust at all,No trust at all,No trust at all,7
80328,DK,8,8,Complete trust,8,8,8,6,6
80377,DK,9,5,8,8,2,2,2,6
80397,DK,7,5,8,8,3,3,No trust at all,7
80444,DK,9,5,9,8,3,5,2,5
80448,DK,8,7,8,9,6,6,5,8
80527,DK,7,5,6,3,4,4,6,6
80559,DK,2,8,8,9,6,7,5,7
80595,DK,5,3,2,5,2,6,3,4
80601,DK,6,5,5,8,5,5,6,5
80612,DK,7,8,9,9,4,4,5,4
80674,DK,7,3,7,8,2,2,4,8
80806,DK,8,8,6,9,6,4,6,8
80911,DK,8,4,7,8,3,3,3,5
81022,DK,4,4,6,6,1,1,1,1
81090,DK,9,5,Complete trust,7,3,3,3,8
81161,DK,3,6,9,Complete trust,5,4,6,9
81198,DK,5,6,8,6,4,4,4,5
81304,DK,7,2,6,8,1,1,No trust at all,4
81488,DK,8,7,8,8,7,7,5,6
81599,DK,9,8,Complete trust,Complete trust,8,8,7,7
81609,DK,9,7,8,9,5,5,3,4
81636,DK,3,9,9,9,6,7,7,5
81734,DK,7,8,9,9,7,7,4,9
81867,DK,6,5,6,8,8,4,Don't know,Don't know
81874,DK,5,Complete trust,Complete trust,Complete trust,8,9,8,9
82020,DK,8,9,9,9,8,6,6,8
82073,DK,7,3,6,8,5,5,5,5
82127,DK,6,4,7,Complete trust,3,5,7,9
82130,DK,8,3,3,6,5,3,1,4
82155,DK,8,8,Complete trust,Complete trust,7,9,9,Complete trust
82157,DK,9,6,9,8,5,5,4,5
82227,DK,8,8,8,8,Refusal,8,7,7
82254,DK,7,9,9,9,8,7,7,8
82263,DK,3,4,No trust at all,3,2,No trust at all,1,No trust at all
82352,DK,Most people can be trusted,7,7,7,7,7,Don't know,8
82359,DK,7,8,9,9,7,7,9,8
82483,DK,8,9,Complete trust,9,8,9,8,8
82683,DK,9,9,9,8,7,7,7,4
82701,DK,You can't be too careful,8,9,9,4,5,7,4
82710,DK,Most people can be trusted,8,Complete trust,Complete trust,6,6,6,6
82733,DK,8,1,5,6,2,2,4,4
82755,DK,9,8,Don't know,Complete trust,8,8,9,4
82813,DK,6,7,7,9,5,5,No trust at all,7
82832,DK,8,Complete trust,8,8,5,5,5,5
82855,DK,3,4,7,8,2,4,6,6
82889,DK,6,7,8,9,6,4,7,8
82898,DK,5,5,7,8,5,5,4,Complete trust
82901,DK,5,7,7,9,4,7,Don't know,Don't know
82975,DK,7,5,8,6,3,1,5,5
82985,DK,5,6,8,8,4,5,5,7
83000,DK,7,4,7,8,4,4,3,7
83052,DK,8,8,9,8,7,6,6,5
83084,DK,2,3,4,6,3,2,Don't know,Don't know
83098,DK,5,No trust at all,5,8,1,1,Don't know,Don't know
83115,DK,5,8,8,9,8,8,9,9
83254,DK,8,5,8,Complete trust,3,2,2,7
83279,DK,5,5,9,9,2,4,Don't know,9
83346,DK,8,8,8,9,8,8,8,8
83385,DK,7,8,Complete trust,9,6,3,3,7
83422,DK,6,5,2,Complete trust,2,4,3,3
83444,DK,4,3,8,9,3,2,2,8
83476,DK,7,7,8,6,6,6,7,7
83616,DK,8,8,Complete trust,Complete trust,8,9,8,Don't know
83738,DK,8,5,5,8,6,6,5,7
83816,DK,9,7,Complete trust,Complete trust,7,7,Don't know,8
83829,DK,8,6,8,Complete trust,7,7,7,8
83863,DK,8,7,8,8,8,7,8,8
84015,DK,8,6,9,7,6,5,4,7
84044,DK,8,9,9,9,8,8,8,8
84103,DK,You can't be too careful,3,7,5,3,3,2,7
84157,DK,7,5,Don't know,6,2,2,Don't know,Don't know
84167,DK,7,2,2,No trust at all,2,No trust at all,3,7
84222,DK,7,8,9,9,7,8,7,8
84234,DK,Most people can be trusted,8,Complete trust,7,7,7,6,8
84238,DK,8,5,8,7,3,3,3,7
84257,DK,5,8,Complete trust,Complete trust,6,5,5,7
84314,DK,6,4,6,9,3,2,4,7
84317,DK,8,7,8,6,5,6,1,1
84320,DK,8,7,8,8,7,7,7,7
84435,DK,4,3,5,8,2,1,1,3
84437,DK,7,5,8,8,5,5,5,7
84475,DK,5,9,Complete trust,Complete trust,6,6,6,7
84500,DK,8,9,Complete trust,Complete trust,9,6,5,5
84533,DK,5,No trust at all,Don't know,Complete trust,No trust at all,No trust at all,2,Don't know
84771,DK,6,7,9,9,4,4,6,7
84926,DK,8,7,Complete trust,Complete trust,7,7,Don't know,Complete trust
84956,DK,7,7,Complete trust,9,5,7,7,7
84960,DK,4,8,Complete trust,3,8,2,Complete trust,Complete trust
84988,DK,Most people can be trusted,7,9,8,5,5,5,9
85013,DK,8,3,Complete trust,Complete trust,2,5,6,8
85036,DK,8,7,7,9,7,7,5,8
85258,DK,8,7,8,8,7,7,7,8
85318,DK,8,9,Complete trust,Complete trust,8,9,8,Complete trust
85388,DK,9,9,Complete trust,Complete trust,8,8,6,Complete trust
85395,DK,7,7,8,3,5,5,5,4
85437,DK,8,4,4,6,8,8,3,3
85521,DK,7,5,7,9,3,3,5,7
85576,DK,8,8,9,Complete trust,6,8,7,Complete trust
85617,DK,8,8,8,9,8,8,7,8
85622,DK,8,8,8,8,6,6,6,7
85628,DK,7,4,7,6,3,3,6,9
85684,DK,4,3,1,No trust at all,1,1,2,5
85700,DK,Most people can be trusted,9,Complete trust,Complete trust,6,8,3,3
85801,DK,8,3,6,Complete trust,1,3,6,8
85872,DK,7,7,7,7,6,7,6,6
85950,DK,7,7,9,9,4,4,3,5
86011,DK,9,5,9,9,1,No trust at all,8,9
86117,DK,7,7,8,5,6,6,2,4
86165,DK,7,4,9,9,5,5,5,8
86209,DK,9,8,Complete trust,Complete trust,6,6,9,Complete trust
86231,DK,7,9,9,9,7,7,7,9
86249,DK,5,7,9,9,6,6,4,6
86286,DK,7,No trust at all,1,8,No trust at all,No trust at all,No trust at all,Don't know
86317,DK,6,3,5,6,2,2,2,3
86472,DK,4,2,7,9,1,1,No trust at all,No trust at all
86488,DK,4,7,9,9,4,4,7,9
86592,DK,5,8,8,8,7,7,7,7
86656,DK,9,7,8,6,2,2,2,3
86669,DK,8,7,4,7,6,6,4,5
86673,DK,9,8,8,9,8,7,7,8
86765,DK,3,2,8,Complete trust,1,4,2,8
86776,DK,8,6,8,8,6,6,4,9
86826,DK,7,8,9,9,7,7,7,7
86882,DK,6,4,6,8,4,4,5,5
86976,DK,7,7,9,Complete trust,5,5,5,8
87044,DK,9,6,8,Complete trust,3,5,5,7
87087,DK,8,8,9,7,5,8,No trust at all,5
87167,DK,8,8,8,9,5,5,2,7
87225,DK,3,Don't know,7,9,Don't know,Don't know,9,9
87277,DK,3,4,6,4,5,5,4,Don't know
87331,DK,8,2,8,9,1,1,1,4
87342,DK,8,4,9,9,6,6,6,8
87420,DK,3,7,Complete trust,Complete trust,7,8,5,7
87472,DK,9,8,9,9,8,8,5,Don't know
87477,DK,5,3,5,5,4,5,Don't know,7
87503,DK,7,7,8,8,Don't know,7,Don't know,7
87527,DK,5,7,7,7,6,6,5,Don't know
87602,DK,9,7,9,9,3,4,Don't know,7
87627,DK,5,9,9,9,8,8,7,9
87794,DK,8,8,9,8,6,6,5,4
87869,DK,6,7,8,8,5,6,6,8
87918,DK,5,5,7,7,5,5,6,6
87939,DK,Most people can be trusted,8,Complete trust,Complete trust,7,6,6,5
87960,DK,6,6,9,Complete trust,6,6,9,9
88037,DK,7,8,8,8,7,6,7,8
88116,DK,7,6,4,2,1,2,2,5
88161,DK,5,6,8,8,5,5,5,5
88167,DK,7,Complete trust,7,Complete trust,5,Complete trust,6,7
88174,DK,6,7,7,7,6,5,2,Don't know
88210,DK,8,5,Complete trust,Complete trust,5,5,5,Complete trust
88285,DK,9,3,4,5,4,4,2,Don't know
88286,DK,7,5,5,6,4,5,4,6
88292,DK,7,7,8,9,7,6,7,7
88320,DK,8,7,8,8,6,7,4,5
88357,DK,Most people can be trusted,3,8,7,Complete trust,3,4,Don't know
88391,DK,7,7,9,8,6,6,6,5
88399,DK,9,7,Complete trust,Complete trust,5,5,3,5
88410,DK,4,No trust at all,Complete trust,6,No trust at all,Don't know,1,Don't know
88561,DK,8,8,9,9,5,5,5,3
88664,DK,5,7,7,8,5,Complete trust,Don't know,7
88671,DK,7,9,8,8,8,6,5,7
88677,DK,8,7,9,8,7,7,7,8
88812,DK,9,9,9,Complete trust,7,7,8,9
88946,DK,8,7,8,8,4,4,5,5
88961,DK,9,6,9,9,6,6,3,5
88978,DK,8,7,8,9,9,9,9,9
89067,DK,8,9,9,9,8,8,7,8
89079,DK,9,7,9,8,7,7,7,8
89084,DK,9,9,9,9,8,8,8,8
89227,DK,8,2,3,2,No trust at all,5,2,Don't know
89350,DK,3,2,4,7,3,3,2,3
89359,DK,8,9,Complete trust,Complete trust,7,Don't know,2,5
89536,DK,8,7,8,9,5,6,6,7
89552,DK,Most people can be trusted,6,9,9,6,6,Don't know,Don't know
89563,DK,5,5,7,8,4,4,4,7
89675,DK,6,Complete trust,Complete trust,Complete trust,8,8,Don't know,Don't know
89693,DK,8,7,8,8,7,7,6,6
89767,DK,7,5,8,8,4,7,5,5
89838,DK,Most people can be trusted,5,7,7,5,5,2,5
89919,DK,8,7,7,7,7,5,Don't know,Don't know
89953,DK,7,7,6,4,3,5,5,8
89965,DK,8,8,7,7,5,5,5,6
90116,DK,7,7,5,4,3,3,7,6
90136,DK,8,6,6,8,5,6,5,5
90255,DK,8,Complete trust,Complete trust,Complete trust,6,6,7,7
90262,DK,8,9,Complete trust,9,7,8,6,Complete trust
90287,DK,6,6,6,8,4,4,4,4
90402,DK,8,6,Don't know,Complete trust,6,6,7,7
90439,DK,9,6,5,9,4,3,4,Don't know
90536,DK,7,5,7,9,5,5,8,9
90578,DK,8,6,9,9,6,6,6,8
90645,DK,8,8,7,5,5,4,Complete trust,Complete trust
90908,DK,7,7,9,8,5,4,4,7
90918,DK,8,2,5,5,No trust at all,1,No trust at all,Refusal
90920,DK,6,7,9,9,6,6,5,5
90945,DK,8,4,4,7,3,3,4,5
91010,DK,7,4,7,9,5,4,4,7
91137,DK,9,7,7,7,8,4,6,7
91187,DK,6,7,7,7,6,6,3,7
91229,DK,6,4,7,7,3,3,3,4
91399,DK,8,5,9,8,3,5,2,7
91566,DK,7,6,8,9,5,6,8,8
91652,DK,9,9,Complete trust,Complete trust,6,6,7,8
91684,DK,8,7,7,8,6,6,5,6
91727,DK,9,6,Complete trust,9,7,9,7,7
91790,DK,5,4,4,6,3,3,4,4
91877,DK,7,8,8,7,7,6,6,7
91949,DK,4,5,4,8,2,5,2,3
91969,DK,Most people can be trusted,9,Complete trust,Complete trust,7,8,6,8
91992,DK,4,8,4,9,4,5,6,8
92063,DK,1,No trust at all,1,4,No trust at all,2,1,2
92064,DK,6,6,9,9,3,2,3,4
92102,DK,7,6,9,9,6,6,Don't know,Don't know
92272,DK,6,6,7,7,5,5,6,7
92275,DK,9,8,Complete trust,Complete trust,7,7,5,9
92301,DK,8,7,5,9,4,4,7,8
92314,DK,8,9,Complete trust,Complete trust,7,3,6,9
92337,DK,8,8,8,8,5,5,6,8
92394,DK,9,9,Complete trust,9,7,7,8,9
92487,DK,8,8,Complete trust,6,6,8,8,9
92553,DK,7,8,8,9,7,7,7,8
92559,DK,6,4,6,6,5,5,5,5
92635,DK,8,7,8,8,6,7,7,7
92691,DK,4,7,8,Complete trust,5,7,8,8
92734,DK,7,5,6,6,3,4,5,6
92768,DK,9,9,Complete trust,Complete trust,7,8,9,Complete trust
92798,DK,7,7,8,8,7,6,8,8
92807,DK,6,3,3,3,2,2,2,3
92824,DK,8,1,Complete trust,Complete trust,No trust at all,1,4,8
93017,DK,Most people can be trusted,Complete trust,5,Complete trust,7,5,3,Complete trust
93056,DK,7,7,8,9,5,6,5,8
93065,DK,8,6,8,8,4,4,8,7
93117,DK,9,8,Complete trust,9,6,5,4,8
93178,DK,8,9,Complete trust,8,6,6,6,9
93221,DK,8,7,9,8,8,7,7,8
93276,DK,5,7,8,8,5,5,5,5
93384,DK,Most people can be trusted,2,8,8,4,4,5,5
93417,DK,5,8,6,7,3,5,8,Complete trust
93488,DK,7,6,Complete trust,Complete trust,4,4,4,5
93516,DK,9,5,8,5,5,5,5,Don't know
93567,DK,7,6,4,5,5,5,6,6
93571,DK,5,1,3,4,3,5,2,Don't know
93640,DK,8,9,9,Complete trust,7,7,7,7
93707,DK,9,Complete trust,Complete trust,Complete trust,8,8,2,Complete trust
93748,DK,7,2,9,Complete trust,2,3,3,6
93766,DK,9,8,9,9,6,6,6,7
93939,DK,6,8,6,9,9,8,5,7
94016,DK,8,8,Complete trust,9,8,8,8,8
94043,DK,4,5,8,5,4,4,4,4
94092,DK,7,3,Don't know,7,2,2,2,2
94120,DK,8,6,9,8,7,7,7,8
94168,DK,7,6,5,5,5,6,6,7
94216,DK,8,8,8,8,6,6,6,6
94224,DK,9,8,7,9,6,8,6,7
94230,DK,8,6,8,9,6,7,6,7
94233,DK,8,4,8,8,3,3,2,4
94295,DK,8,8,9,8,7,6,8,8
94327,DK,7,8,9,9,7,7,7,9
94369,DK,Most people can be trusted,7,Complete trust,8,7,Complete trust,8,9
94382,DK,8,6,9,9,4,5,3,7
94383,DK,9,2,8,7,3,4,3,5
94428,DK,8,7,8,8,7,6,6,8
94437,DK,9,3,6,9,2,2,2,5
94498,DK,8,6,5,5,5,6,6,9
94557,DK,5,No trust at all,6,No trust at all,5,Complete trust,Complete trust,5
94558,DK,8,8,5,8,5,6,8,2
94595,DK,7,9,9,9,7,7,7,5
94617,DK,7,6,8,8,6,4,5,Don't know
94655,DK,5,5,5,7,3,3,3,5
94703,DK,8,8,Complete trust,Complete trust,7,7,5,7
94714,DK,9,8,9,5,7,6,Don't know,8
94769,DK,8,7,8,8,8,8,6,9
94808,DK,8,7,8,8,5,5,5,8
94869,DK,5,5,8,9,5,5,1,5
94930,DK,9,9,9,Complete trust,Don't know,7,5,8
95093,DK,9,5,8,8,5,5,7,8
95134,DK,7,6,8,7,6,5,5,6
95182,DK,8,8,Complete trust,Complete trust,7,7,4,6
95209,DK,9,7,8,8,6,6,3,2
95230,DK,8,8,5,9,5,5,8,Don't know
95233,DK,7,7,8,8,7,6,6,7
95310,DK,8,7,9,9,5,6,5,7
95337,DK,2,4,6,4,5,Don't know,5,5
95359,DK,6,5,6,8,4,4,6,6
95520,DK,7,8,9,9,4,3,5,5
95587,DK,7,6,9,9,5,5,5,7
95591,DK,5,2,No trust at all,No trust at all,2,8,No trust at all,8
95598,DK,8,8,8,8,8,7,6,Don't know
95609,DK,9,8,9,8,8,8,8,8
95635,DK,5,4,8,5,2,2,9,9
95696,DK,3,2,No trust at all,No trust at all,No trust at all,2,5,No trust at all
95758,DK,Most people can be trusted,8,Complete trust,8,8,6,6,8
95814,DK,4,7,9,9,6,6,6,8
95863,DK,8,7,5,8,5,5,4,5
95885,DK,8,5,7,Complete trust,4,5,5,2
95953,DK,2,Complete trust,7,6,Complete trust,Complete trust,Complete trust,Complete trust
96258,DK,7,6,8,8,2,5,5,5
96374,DK,6,8,8,Complete trust,7,6,9,8
96392,DK,Most people can be trusted,7,9,Complete trust,5,5,6,8
96395,DK,8,8,9,9,7,7,7,7
96409,DK,7,4,5,7,4,4,3,5
96513,DK,8,5,7,6,4,5,4,7
96541,DK,9,5,9,Complete trust,5,4,5,5
96571,DK,5,4,5,5,5,8,3,5
96701,DK,8,6,6,7,6,6,6,6
96730,DK,8,6,8,9,6,6,8,5
96743,DK,Don't know,3,7,4,2,1,4,7
96816,DK,8,8,9,Complete trust,7,8,6,7
96937,DK,8,Complete trust,Complete trust,Complete trust,7,7,6,8
96941,DK,5,3,6,8,3,3,2,2
96961,DK,8,7,Complete trust,Complete trust,5,5,6,5
96993,DK,7,5,8,8,4,4,5,5
96998,DK,5,8,9,9,5,6,5,6
97167,DK,7,4,5,5,3,6,Refusal,Refusal
97225,DK,7,5,8,8,4,4,4,4
97267,DK,5,5,5,8,5,5,3,2
97293,DK,8,9,Complete trust,9,6,8,4,4
97305,DK,8,5,8,8,5,8,8,8
97316,DK,7,8,8,8,8,7,8,8
97320,DK,8,9,9,9,6,6,6,6
97389,DK,8,4,7,8,2,2,2,4
97393,DK,8,6,7,8,5,4,5,5
97398,DK,6,No trust at all,8,6,1,1,1,1
97618,DK,5,3,6,7,1,1,5,8
97663,DK,4,7,9,6,7,8,6,8
97713,DK,7,6,7,6,6,6,6,5
97736,DK,8,5,7,Complete trust,7,7,5,5
97744,DK,7,8,9,8,7,7,7,7
97803,DK,Most people can be trusted,8,Complete trust,Complete trust,8,8,Don't know,9
97834,DK,7,5,7,8,6,6,5,6
97851,DK,8,7,9,9,5,5,5,5
98030,DK,9,8,9,7,5,5,2,5
98187,DK,7,6,8,9,5,5,6,6
98275,DK,8,9,9,9,7,7,7,8
98301,DK,9,5,8,8,4,5,Don't know,6
98385,DK,8,7,7,9,7,8,7,7
98439,DK,7,8,8,8,8,8,7,8
98445,DK,7,8,Complete trust,8,7,4,9,5
98452,DK,8,6,9,9,4,4,2,4
98530,DK,Most people can be trusted,9,7,6,8,6,3,1
98562,DK,4,4,7,7,5,5,4,6
98642,DK,7,7,6,9,5,6,9,9
98904,DK,7,5,7,Complete trust,5,5,5,5
98943,DK,9,1,7,7,1,No trust at all,No trust at all,8
98975,DK,3,6,8,8,4,4,No trust at all,8
98988,DK,7,5,8,7,4,4,Don't know,4
99001,DK,6,5,6,5,5,6,5,6
99023,DK,7,7,7,9,4,4,5,5
99036,DK,7,5,9,9,4,4,3,4
99037,DK,3,5,3,8,5,3,3,8
99107,DK,7,6,9,9,7,7,5,7
99141,DK,8,8,8,7,7,8,7,7
99164,DK,8,5,6,4,5,6,4,8
99181,DK,8,9,Complete trust,Complete trust,9,9,5,Complete trust
99184,DK,9,4,5,7,5,4,4,4
99198,DK,7,2,8,9,5,3,No trust at all,1
99250,DK,6,Complete trust,Complete trust,9,7,7,5,9
99265,DK,5,5,5,8,5,5,6,5
99306,DK,4,5,Complete trust,7,5,4,7,8
99309,DK,8,8,8,9,7,8,8,8
99313,DK,8,6,6,6,6,6,6,6
99368,DK,9,8,9,Complete trust,8,8,7,8
99391,DK,5,5,6,6,5,5,5,7
99431,DK,8,3,5,8,4,4,3,3
99485,DK,8,7,Complete trust,Complete trust,5,4,6,Refusal
99486,DK,6,7,8,8,5,5,5,5
99681,DK,8,8,9,9,6,8,7,8
99685,DK,8,7,7,6,6,6,6,5
99887,DK,8,6,9,9,5,5,5,3
99957,DK,9,5,8,8,3,2,6,7
99970,DK,9,6,9,9,1,8,3,8
100065,DK,8,8,9,9,7,7,8,8
100133,DK,9,4,9,Complete trust,5,7,7,Complete trust
100241,DK,7,8,8,8,8,7,7,6
100306,DK,8,3,5,5,1,1,3,3
100320,DK,7,6,6,5,5,5,5,7
100325,DK,4,2,5,5,2,2,Don't know,6
100391,DK,9,9,9,9,8,8,8,6
100392,DK,7,6,8,8,6,6,6,8
100428,DK,8,6,6,8,4,4,3,9
100626,DK,8,7,9,9,5,5,6,7
100656,DK,7,7,7,8,3,3,2,3
100785,DK,5,3,5,6,2,1,1,8
100938,DK,8,8,9,9,8,7,8,6
100939,DK,9,8,7,8,3,7,1,3
101085,DK,8,8,9,9,7,7,5,Complete trust
101212,DK,5,5,9,Complete trust,5,3,9,No trust at all
101241,DK,5,5,5,7,5,5,5,5
101251,DK,7,5,Complete trust,Complete trust,2,2,1,8
101278,DK,5,7,9,Complete trust,6,7,Don't know,7
101382,DK,6,6,7,8,6,6,6,6
101564,DK,6,9,9,8,2,2,3,8
101586,DK,8,7,7,8,7,7,6,6
101596,DK,8,7,8,9,5,6,4,5
101599,DK,4,1,3,7,1,1,1,Don't know
101645,DK,9,5,7,8,5,5,1,6
101653,DK,7,4,4,7,4,5,6,6
101769,DK,Most people can be trusted,3,4,7,1,1,1,6
101814,DK,7,9,9,9,6,6,6,8
101823,DK,7,8,9,8,7,5,8,6
101874,DK,6,4,7,7,4,4,Don't know,Don't know
101906,DK,8,2,3,8,1,1,No trust at all,4
101909,DK,5,6,9,8,2,2,3,6
102030,DK,8,7,8,8,6,6,5,5
102162,DK,8,8,9,7,6,6,7,8
102231,DK,8,7,8,8,8,8,8,8
102281,DK,8,8,8,8,5,5,5,7
102282,DK,6,4,8,9,2,4,4,Don't know
102303,DK,8,7,8,8,7,8,8,6
102328,DK,6,6,8,8,6,7,8,9
102501,DK,9,Complete trust,Complete trust,Complete trust,8,8,Complete trust,Complete trust
102577,DK,8,4,7,7,2,1,1,4
102591,DK,7,8,8,8,6,5,7,5
102638,DK,8,4,7,8,2,4,4,6
102651,DK,7,7,Complete trust,Complete trust,6,5,6,Complete trust
102792,DK,8,5,7,7,5,5,2,6
102863,DK,8,9,9,8,7,7,7,6
102987,DK,2,Complete trust,9,8,8,9,2,8
103100,DK,Most people can be trusted,5,7,9,5,5,3,6
103153,DK,7,6,Complete trust,9,6,6,4,7
103272,DK,4,5,6,7,5,4,Don't know,Don't know
103492,DK,Don't know,7,8,9,5,5,5,7
103502,DK,7,5,7,7,4,5,5,5
103561,DK,8,6,8,9,4,6,2,6
103584,DK,9,5,8,8,5,5,Don't know,Don't know
103657,DK,7,2,8,6,2,4,4,6
103704,DK,7,7,8,9,6,6,9,9
103721,DK,Most people can be trusted,4,6,8,4,4,2,3
103839,DK,8,7,7,8,Complete trust,8,8,8
103843,DK,5,9,Complete trust,6,4,4,5,9
103926,DK,9,8,4,8,6,8,7,6
103973,DK,8,8,8,8,6,6,7,8
104005,DK,8,7,8,8,7,6,7,8
104017,DK,8,8,6,8,8,5,5,8
104020,DK,8,5,8,7,6,6,6,7
104092,DK,3,4,5,8,3,3,No trust at all,7
104101,DK,8,8,9,8,7,9,2,6
104113,DK,8,7,8,7,5,5,5,6
104131,DK,7,7,8,8,6,7,4,6
104186,DK,8,7,8,8,6,8,7,8
104254,DK,Most people can be trusted,Don't know,Don't know,3,3,2,3,1
104373,DK,8,7,6,3,5,5,3,3
104398,DK,8,6,9,Complete trust,7,7,Don't know,8
104424,DK,9,7,9,8,8,8,Don't know,8
104533,DK,8,5,8,9,8,8,7,8
104556,DK,7,7,7,6,6,7,7,7
104583,DK,7,7,5,7,5,5,3,4
104606,DK,6,6,8,8,4,4,5,5
104710,DK,4,4,7,9,5,6,5,8
104737,DK,5,3,4,8,5,5,6,6
104745,DK,8,7,9,9,7,7,7,8
104763,DK,7,8,8,Complete trust,8,7,7,6
104880,DK,8,5,7,7,7,5,5,5
104908,DK,5,8,6,7,4,4,2,3
104946,DK,8,8,8,8,7,7,5,6
104964,DK,8,9,8,8,6,7,8,6
104997,DK,Most people can be trusted,5,8,Complete trust,5,5,3,8
105005,DK,9,8,Complete trust,Complete trust,7,7,6,8
105068,DK,9,Complete trust,Complete trust,Complete trust,7,7,8,8
105240,DK,7,8,Complete trust,8,7,6,7,4
105335,DK,6,5,4,6,3,3,Don't know,Don't know
105337,DK,8,Complete trust,Complete trust,Complete trust,9,8,9,Complete trust
105339,DK,You can't be too careful,6,8,7,7,9,Don't know,Don't know
105344,DK,8,7,7,9,7,5,6,8
105435,DK,7,5,8,8,5,6,1,5
105461,DK,9,8,9,9,8,6,8,5
105481,DK,7,4,6,6,4,4,4,4
105560,DK,8,6,9,9,6,6,5,6
105620,DK,9,8,9,9,3,3,5,8
105627,DK,5,4,8,9,3,3,4,7
105659,DK,9,8,9,5,7,7,5,8
105668,DK,8,6,8,8,4,3,7,8
105688,DK,5,7,7,8,6,6,7,8
105821,DK,8,8,8,9,6,6,4,6
105827,DK,6,6,9,8,5,6,6,8
105835,DK,7,2,9,8,3,4,3,5
105926,DK,9,9,Complete trust,Complete trust,6,6,6,8
105953,DK,8,7,8,8,6,6,7,6
106051,DK,7,8,8,9,6,4,9,9
106089,DK,6,8,9,9,7,7,8,9
106266,DK,8,9,3,8,8,6,3,8
106318,DK,6,7,9,2,4,6,1,6
106349,DK,9,8,7,7,5,5,6,7
106375,DK,8,7,9,9,7,7,7,7
106383,DK,8,6,7,8,5,6,7,8
106445,DK,8,2,4,7,1,2,1,1
106470,DK,8,3,Refusal,7,5,5,7,Don't know
106489,DK,7,6,7,9,5,5,Don't know,7
106493,DK,9,9,9,Complete trust,8,8,9,9
106535,DK,7,3,4,6,3,3,4,5
106557,DK,7,2,9,9,6,3,1,8
106597,DK,9,Complete trust,9,9,5,7,6,8
106663,DK,Most people can be trusted,6,8,Complete trust,6,7,8,7
106754,DK,9,8,9,9,7,6,5,5
106796,DK,6,Don't know,4,6,Don't know,Don't know,Don't know,Don't know
106812,DK,8,8,9,9,6,7,3,6
106830,DK,8,5,8,9,5,5,6,8
106832,DK,8,9,9,9,7,6,7,8
106884,DK,8,8,8,7,7,7,6,6
106893,DK,8,5,Complete trust,Complete trust,5,4,5,7
106903,DK,8,4,6,8,4,5,2,7
106961,DK,6,5,6,7,4,5,5,7
107052,DK,7,6,9,9,5,5,5,4
107078,DK,8,2,8,9,4,4,6,6
107093,DK,8,9,9,Complete trust,7,6,4,5
107109,DK,8,6,Complete trust,8,6,6,9,9
107120,DK,7,8,9,9,7,6,6,6
107235,DK,7,4,8,9,3,2,3,2
107240,DK,8,7,7,7,5,5,5,6
107254,DK,5,5,8,5,1,1,1,5
107266,DK,8,5,5,5,2,2,No trust at all,Don't know
107323,DK,7,7,8,7,6,7,8,8
107396,DK,8,7,Complete trust,9,8,8,Complete trust,Complete trust
107444,DK,6,Don't know,2,6,6,6,6,Don't know
107473,DK,Most people can be trusted,Complete trust,Complete trust,Complete trust,Complete trust,Complete trust,8,9
107489,DK,9,7,9,8,5,5,5,7
107554,DK,9,8,9,9,8,8,9,9
107628,DK,5,4,8,8,5,8,8,Don't know
107654,DK,9,8,9,9,5,6,5,8
107658,DK,9,6,9,8,5,4,6,8
107796,DK,7,4,7,8,5,5,5,7
107858,DK,3,9,Complete trust,9,5,5,2,9
107878,DK,8,7,9,8,7,6,7,5
107903,DK,5,5,9,9,3,3,3,5
107937,DK,8,7,9,9,7,6,5,7
108098,DK,4,7,7,9,6,6,4,8
108140,DK,5,Don't know,8,8,Don't know,Don't know,Don't know,7
108161,DK,7,9,9,9,7,7,6,8
108424,DK,8,9,Complete trust,9,7,Complete trust,8,8
108442,DK,7,6,6,7,5,5,2,2
108501,DK,3,8,6,6,8,5,5,5
108515,DK,6,8,Complete trust,9,7,8,9,9
108576,DK,6,5,7,7,4,4,5,5
108616,DK,9,6,9,8,7,7,5,5
108671,DK,8,7,9,9,7,6,8,8
108709,DK,8,6,6,8,7,6,6,6
108776,DK,5,1,5,6,2,2,3,3
108811,DK,8,6,8,6,5,5,Don't know,Don't know
108885,DK,9,2,8,7,2,2,1,3
108920,DK,9,6,Complete trust,Complete trust,6,7,5,5
108930,DK,8,Complete trust,8,9,6,6,7,8
108968,DK,5,9,Complete trust,Complete trust,5,5,5,6
109005,DK,4,Complete trust,9,Complete trust,6,6,5,6
109056,DK,5,Complete trust,Complete trust,Complete trust,5,7,8,Complete trust
109083,DK,9,4,9,Complete trust,2,2,5,5
109107,DK,7,7,8,8,7,6,6,5
109109,DK,8,8,8,7,6,6,9,9
109149,DK,7,8,9,5,7,6,4,7
109159,DK,9,9,9,9,6,7,9,9
109184,DK,9,7,9,8,6,7,7,8
109194,DK,9,4,Complete trust,Complete trust,5,5,Don't know,9
109266,DK,Most people can be trusted,5,9,7,4,6,5,4
109328,DK,7,2,9,9,2,2,4,8
109342,DK,Most people can be trusted,Complete trust,Complete trust,Complete trust,8,8,8,8
109357,DK,6,8,7,8,7,9,7,8
109473,DK,6,3,8,Complete trust,4,5,7,8
109482,DK,8,6,8,6,3,5,6,7
109604,DK,8,6,8,9,8,9,6,8
109622,DK,5,8,Complete trust,Complete trust,7,8,9,Don't know
109625,DK,8,5,Complete trust,Complete trust,2,2,5,5
109629,DK,8,5,6,6,5,5,6,6
109662,DK,7,6,8,9,6,6,6,7
109711,DK,6,3,5,8,3,2,4,6
109714,DK,8,3,5,8,1,1,Don't know,Don't know
109801,DK,8,3,6,9,2,3,Don't know,5
109864,DK,8,7,9,9,5,6,6,8
110014,DK,9,5,8,8,5,5,1,8
110017,DK,8,5,5,6,5,7,7,8
110042,DK,7,5,8,8,4,4,8,7
110066,DK,8,3,8,8,3,5,4,7
110112,DK,8,8,Complete trust,9,6,6,7,6
110140,DK,7,7,Complete trust,Complete trust,7,6,9,Complete trust
110262,DK,9,9,9,9,2,4,8,9
110456,DK,8,8,Complete trust,Complete trust,8,8,8,8
110486,DK,9,Complete trust,Complete trust,Complete trust,9,Complete trust,Complete trust,Complete trust
110634,DK,8,7,8,Complete trust,5,6,5,8
110684,DK,8,9,9,9,7,7,7,8
110736,DK,8,7,8,9,6,6,7,8
110763,DK,9,5,9,9,5,5,5,6
110766,DK,8,4,6,3,3,2,4,2
110867,DK,8,7,9,9,5,5,4,8
110887,DK,2,No trust at all,No trust at all,No trust at all,No trust at all,No trust at all,No trust at all,No trust at all
110961,DK,8,6,6,7,6,6,6,6
110988,DK,8,8,8,8,4,4,4,6
110993,DK,2,3,7,5,3,3,1,6
110999,DK,9,9,Complete trust,Complete trust,8,9,7,9
111020,DK,8,5,7,7,4,3,4,6
111156,DK,8,6,9,9,5,7,8,7
111160,DK,Most people can be trusted,7,8,8,6,6,Don't know,7
111249,DK,8,4,8,8,5,5,5,7
111341,DK,7,6,7,7,5,5,5,6
111412,DK,2,Complete trust,8,8,Complete trust,Complete trust,Don't know,6
111507,DK,8,4,6,6,4,4,7,8
111578,DK,7,8,9,9,7,7,7,7
111584,DK,9,Complete trust,Complete trust,Complete trust,5,5,4,7
111598,DK,8,8,9,8,6,6,2,6
111621,DK,4,8,7,8,7,7,7,6
111639,DK,4,5,5,7,5,4,Don't know,Don't know
111827,DK,7,7,9,9,6,8,7,8
111840,DK,6,8,5,8,6,6,6,6
111862,DK,2,7,9,Complete trust,8,8,7,8
111928,DK,Most people can be trusted,8,Complete trust,Complete trust,7,5,5,Complete trust
111930,DK,9,6,7,7,7,9,5,5
111938,DK,8,8,9,9,9,5,6,6
111956,DK,8,4,9,9,5,5,5,Don't know
111969,DK,5,5,8,Complete trust,3,3,5,5
111988,DK,7,6,9,6,4,5,4,6
112061,DK,7,7,7,Complete trust,5,5,Don't know,Don't know
112077,DK,9,7,7,7,5,5,5,7
112126,DK,9,Complete trust,Complete trust,Complete trust,8,8,6,6
112127,DK,7,6,6,7,5,6,5,7
112157,DK,5,7,7,6,5,6,7,7
112183,DK,7,7,8,9,7,8,6,7
112199,DK,8,Complete trust,Complete trust,Complete trust,8,Complete trust,Complete trust,Complete trust
112290,DK,5,8,Complete trust,9,5,6,4,5
112396,DK,Most people can be trusted,2,Complete trust,Complete trust,Don't know,Don't know,Don't know,Complete trust
112403,DK,7,7,Complete trust,Complete trust,4,4,1,Complete trust
112426,DK,5,7,9,7,6,6,6,8
112444,DK,8,5,2,6,2,2,Don't know,Don't know
112460,DK,5,6,8,9,6,5,8,9
112480,DK,8,Complete trust,Complete trust,8,7,7,5,6
112544,DK,8,7,6,7,8,9,9,Complete trust
112576,DK,7,5,9,9,5,5,7,7
112626,DK,5,7,8,8,6,5,7,8
112633,DK,6,3,6,6,3,3,No trust at all,4
112721,DK,8,8,9,8,3,3,1,5
112768,DK,8,6,Complete trust,Complete trust,8,8,Don't know,Don't know
112775,DK,7,9,Complete trust,9,6,7,6,8
112805,DK,7,6,8,9,6,6,5,6
112833,DK,6,Complete trust,Complete trust,Complete trust,7,7,3,8
112839,DK,4,4,7,8,3,6,2,5
112852,DK,Most people can be trusted,Complete trust,Complete trust,Complete trust,7,7,5,7
112860,DK,7,4,Complete trust,9,4,5,6,7
112877,DK,7,7,7,8,7,7,4,7
112898,DK,7,7,7,8,5,5,6,6
113034,DK,5,4,5,Complete trust,7,9,9,9
113088,DK,6,4,9,9,3,3,3,3
113150,DK,5,4,9,2,1,2,1,5
113194,DK,8,9,9,9,6,6,4,8
113235,DK,4,7,5,Complete trust,3,Complete trust,2,Complete trust
113259,DK,7,No trust at all,9,9,No trust at all,No trust at all,3,4
113286,DK,4,4,4,5,3,3,2,2
113376,DK,Most people can be trusted,5,5,8,7,7,Complete trust,Complete trust
113401,DK,9,9,9,7,8,6,9,7
113475,DK,9,9,9,9,7,7,8,9
113518,DK,8,No trust at all,Complete trust,Complete trust,5,5,9,5
113599,DK,7,7,9,Complete trust,7,7,5,7
113687,DK,8,Complete trust,Complete trust,Complete trust,7,Don't know,6,8
113692,DK,8,Complete trust,Complete trust,Complete trust,9,8,7,7
113701,DK,8,9,9,Complete trust,8,8,Don't know,Don't know
113709,DK,8,4,5,7,5,5,4,4
113809,DK,8,Complete trust,Complete trust,Complete trust,6,6,2,8
113822,DK,7,7,9,9,6,6,6,8
113851,DK,6,5,4,7,4,5,3,3
113917,DK,6,3,5,5,2,2,No trust at all,7
114074,DK,7,8,Complete trust,4,2,6,7,9
114082,DK,9,Complete trust,9,Complete trust,9,6,Complete trust,5
114086,DK,9,4,9,9,3,3,6,5
114096,DK,8,Complete trust,Complete trust,Complete trust,8,8,9,7
114155,DK,Most people can be trusted,5,8,8,4,5,6,6
114160,DK,8,6,6,7,7,7,8,7
114169,DK,9,8,9,9,7,7,7,7
114207,DK,8,4,7,6,4,4,5,5
114211,DK,6,6,8,8,7,4,5,6
114217,DK,4,6,8,9,6,5,6,7
114228,DK,8,6,8,8,6,5,7,7
114277,DK,Don't know,Don't know,9,9,4,4,Don't know,6
114432,DK,7,4,7,8,1,3,4,5
114447,DK,7,4,8,9,4,Don't know,5,8
114486,DK,7,6,8,9,4,5,6,8
114528,DK,9,8,9,7,6,5,5,5
114533,DK,9,8,8,9,7,6,5,4
114651,DK,5,4,7,8,3,5,No trust at all,6
114660,DK,8,3,8,7,3,4,6,7
114753,DK,8,7,9,9,6,6,5,5
114759,DK,5,8,Don't know,9,4,4,6,6
114770,DK,8,7,Complete trust,Complete trust,7,7,7,9
114772,DK,Most people can be trusted,9,Complete trust,8,8,7,8,6
114774,DK,5,3,2,5,1,2,2,2
114800,DK,8,9,9,9,7,7,6,7
114892,DK,8,4,5,8,3,3,8,8
114986,DK,7,8,9,9,7,5,4,8
115018,DK,8,5,9,7,5,5,Don't know,Don't know
115063,DK,9,6,9,8,4,5,5,5
115091,DK,6,8,Complete trust,9,4,3,5,8
115137,DK,4,8,9,9,6,6,7,8
115150,DK,7,No trust at all,Complete trust,Complete trust,4,4,5,9
115170,DK,8,6,6,8,6,6,5,8
115208,DK,5,5,7,7,5,5,4,4
115223,DK,4,No trust at all,3,5,5,2,No trust at all,No trust at all
115270,DK,7,6,6,7,6,5,3,5
115468,DK,5,5,9,9,5,5,1,6
115488,DK,8,9,9,9,7,7,9,9
115496,DK,3,5,5,6,5,4,4,5
115503,DK,8,8,9,9,5,3,7,Complete trust
115579,DK,9,9,9,Complete trust,7,7,8,9
115649,DK,5,7,8,9,8,8,5,9
115758,DK,8,6,9,9,6,6,5,6
115762,DK,7,5,7,7,5,5,5,6
115799,DK,7,5,8,9,5,5,Don't know,8
115834,DK,8,4,8,4,5,5,3,6
115848,DK,Most people can be trusted,Complete trust,Complete trust,Complete trust,Complete trust,Complete trust,Don't know,Don't know
115857,DK,7,7,9,9,5,5,5,5
115909,DK,8,6,6,7,6,6,6,8
116153,DK,9,7,9,9,7,9,6,8
116201,DK,7,6,9,9,5,4,7,5
116249,DK,Most people can be trusted,8,Complete trust,Complete trust,8,8,8,Complete trust
116260,DK,9,9,7,9,6,8,6,Complete trust
116341,DK,7,6,9,Complete trust,7,8,8,Complete trust
116448,DK,5,5,9,No trust at all,3,4,4,5
116473,DK,7,6,4,2,5,5,5,5
116499,DK,8,8,9,7,7,8,Don't know,Don't know
116513,DK,8,5,8,9,4,Don't know,Don't know,7
116526,DK,8,6,7,7,5,5,5,6
116724,DK,7,6,Don't know,7,3,5,Don't know,5
116737,DK,5,5,9,9,5,5,6,7
116771,DK,7,6,7,8,7,7,6,7
116955,DK,Most people can be trusted,7,9,Complete trust,5,4,6,8
116965,DK,5,3,3,3,3,3,7,7
116972,DK,Most people can be trusted,9,9,5,5,5,5,5
117007,DK,5,4,8,7,5,5,6,9
117017,DK,5,3,6,7,3,2,3,3
117030,DK,9,7,8,9,7,7,7,7
117144,DK,9,5,6,6,3,3,5,5
117167,DK,7,9,9,8,7,7,6,7
117218,DK,6,4,6,8,No trust at all,2,4,4
117250,DK,5,8,9,9,4,5,5,7
117251,DK,4,5,Don't know,7,4,Don't know,Don't know,Don't know
117311,DK,5,No trust at all,No trust at all,5,No trust at all,No trust at all,No trust at all,No trust at all
117376,DK,9,Complete trust,Complete trust,Complete trust,7,7,8,8
117383,DK,8,3,8,8,1,3,6,8
117393,DK,8,8,9,7,8,8,7,8
117489,DK,8,7,Complete trust,8,6,7,7,8
117497,DK,8,8,9,8,4,5,2,7
117538,DK,7,7,8,8,6,5,4,4
117635,DK,6,4,9,Complete trust,4,6,4,7
117682,DK,5,No trust at all,Don't know,Complete trust,No trust at all,No trust at all,9,No trust at all
117690,DK,8,4,7,7,4,4,4,4
117747,DK,7,5,4,5,5,5,3,6
117813,DK,8,9,9,6,5,5,4,6
117814,DK,9,7,9,Complete trust,7,7,9,Don't know
117897,DK,8,6,8,9,5,5,5,8
117937,DK,9,6,9,9,5,7,5,7
117958,DK,7,7,8,8,7,7,7,7
117967,DK,7,3,9,Complete trust,2,2,4,9
117989,DK,Most people can be trusted,9,Complete trust,9,8,Complete trust,9,9
118101,DK,6,4,7,8,3,Refusal,Don't know,4
118128,DK,5,7,9,9,6,6,6,8
118140,DK,4,Complete trust,Complete trust,Complete trust,5,5,4,6
118180,DK,8,6,9,9,5,4,4,8
118194,DK,8,5,8,9,4,4,1,1
118204,DK,8,9,9,9,7,6,7,9
118259,DK,8,7,9,7,5,6,6,8
118318,DK,9,Complete trust,9,9,8,8,6,9
118379,DK,7,3,8,7,3,3,2,8
118439,DK,8,7,8,8,4,4,2,7
118484,DK,9,8,Complete trust,Complete trust,6,5,8,6
118548,DK,6,3,3,4,2,3,4,4
118767,DK,4,5,7,5,2,3,Don't know,Don't know
118835,DK,6,6,9,9,6,6,4,6
118859,DK,6,6,7,8,7,5,4,5
119007,DK,Most people can be trusted,3,9,8,1,2,2,5
119020,DK,8,3,6,6,3,1,1,3
119072,DK,8,7,9,9,6,6,5,6
119145,DK,8,5,8,7,7,8,2,8
119148,DK,5,4,8,8,3,4,4,4
119247,DK,8,5,8,8,5,5,5,8
119312,DK,2,6,6,6,6,6,4,6
119439,DK,5,2,8,8,2,2,Don't know,Don't know
119465,DK,7,5,7,5,2,5,5,3
119584,DK,5,5,5,8,6,5,No trust at all,7
119601,DK,5,6,8,9,3,3,3,4
119626,DK,6,6,7,7,6,6,4,6
119635,DK,3,3,3,6,3,3,3,3
119699,DK,9,5,9,9,5,5,5,7
119712,DK,8,8,8,8,7,7,Don't know,Don't know
119820,DK,5,8,Complete trust,Complete trust,6,7,4,9
119826,DK,7,3,7,7,2,3,3,7
119828,DK,4,5,Don't know,Complete trust,8,7,Don't know,Don't know
119841,DK,9,6,Complete trust,Complete trust,6,6,7,9
120014,DK,4,7,7,6,4,6,7,8
120043,DK,9,Complete trust,Complete trust,9,8,Refusal,6,9
120059,DK,8,8,9,9,7,7,6,5
120116,DK,5,5,9,9,7,7,8,8
120148,DK,6,7,8,8,5,6,4,6
120170,DK,6,Don't know,Don't know,8,Don't know,Don't know,7,Don't know
120331,DK,8,7,8,8,6,7,6,8
120333,DK,7,5,7,7,3,4,4,5
120409,DK,9,7,9,9,8,8,7,9
120411,DK,8,7,7,7,6,6,7,9
120412,DK,8,9,9,9,8,8,7,8
120421,DK,9,5,9,9,4,4,3,2
120442,DK,6,4,3,8,4,3,5,7
120443,DK,Most people can be trusted,8,Complete trust,Complete trust,7,5,3,8
120708,DK,Most people can be trusted,5,9,9,4,4,3,5
120826,DK,7,7,8,8,6,7,7,8
120862,DK,6,7,7,7,6,5,7,7
120900,DK,5,No trust at all,No trust at all,No trust at all,No trust at all,2,1,No trust at all
120902,DK,3,8,Complete trust,9,6,6,7,9
120935,DK,8,8,9,Complete trust,6,7,7,7
120967,DK,7,7,8,8,7,6,7,7
120972,DK,8,Don't know,8,7,7,7,4,7
121009,DK,5,2,7,8,2,4,Don't know,Don't know
121022,DK,6,3,3,5,2,2,Don't know,2
121065,DK,6,2,8,8,2,2,1,8
121110,DK,8,6,7,7,7,8,8,8
121158,DK,4,1,4,1,No trust at all,1,No trust at all,3
121173,DK,7,8,9,9,7,8,8,9
121227,DK,9,8,8,Complete trust,7,8,Complete trust,Complete trust
121269,DK,7,6,9,7,1,3,Refusal,6
121279,DK,8,5,8,8,5,4,5,6
121287,DK,9,9,Complete trust,Complete trust,4,8,8,9
121375,DK,7,5,4,7,5,5,6,6
121384,DK,7,5,5,6,5,4,6,8
121428,DK,6,6,7,8,4,6,5,5
121590,DK,7,8,9,Complete trust,6,5,9,Complete trust
121657,DK,9,9,8,9,9,8,9,Don't know
121719,DK,4,4,3,6,3,3,5,7
121740,DK,5,7,7,6,7,7,5,5
121833,DK,6,5,9,9,6,6,6,6
121973,DK,8,7,5,9,5,5,5,5
122030,DK,6,5,6,8,6,6,Don't know,5
122064,DK,3,3,6,7,3,6,2,6
122180,DK,9,8,Complete trust,Complete trust,5,6,8,8
122244,DK,8,Complete trust,9,9,8,8,6,6
122274,DK,6,5,7,7,6,5,6,8
122348,DK,8,6,9,6,5,4,6,6
122476,DK,7,8,9,9,6,5,5,8
122518,DK,7,7,9,9,4,4,4,5
122593,DK,6,8,8,9,6,8,8,8
122602,DK,9,6,7,9,7,7,8,9
122666,DK,4,No trust at all,4,9,No trust at all,No trust at all,No trust at all,Don't know
122742,DK,5,8,7,Complete trust,8,8,5,5
122759,DK,8,4,3,8,5,5,5,5
122792,DK,6,3,4,6,2,2,Don't know,Don't know
122816,DK,7,7,8,8,6,6,Don't know,7
122904,DK,2,3,2,2,No trust at all,No trust at all,2,3
122955,DK,8,6,9,Complete trust,6,5,5,7
122988,DK,9,8,8,8,7,7,8,8
123024,DK,7,6,7,5,6,6,7,6
123149,DK,Most people can be trusted,5,8,Complete trust,6,6,6,8
123228,DK,Most people can be trusted,8,Complete trust,Complete trust,7,5,Don't know,Complete trust
123280,DK,8,7,9,9,7,8,7,9
123317,DK,7,5,7,6,4,6,4,5
123322,DK,9,Complete trust,Complete trust,Complete trust,8,8,9,9
123381,DK,7,5,9,Complete trust,6,7,7,8
123414,DK,8,8,Complete trust,8,6,5,6,8
123440,DK,8,9,9,9,8,6,8,9
123452,DK,5,3,8,8,1,2,Don't know,7
123466,DK,8,7,8,9,5,5,5,5
123521,DK,8,8,7,7,8,7,5,8
123534,DK,6,8,9,9,8,6,2,8
123613,DK,8,7,9,9,5,7,6,7
123620,DK,8,5,8,8,4,4,5,6
123647,DK,5,Complete trust,Complete trust,Complete trust,Complete trust,Complete trust,Complete trust,Complete trust
123649,DK,2,7,7,8,5,5,3,3
123743,DK,9,5,8,9,4,4,7,7
123755,DK,8,Complete trust,Complete trust,Complete trust,9,9,Complete trust,Complete trust
123968,DK,8,7,9,9,5,4,7,9
123969,DK,6,6,7,8,5,5,5,7
123981,DK,7,7,8,9,9,5,7,8
124032,DK,6,6,6,7,6,5,5,5
124033,DK,8,9,Complete trust,Complete trust,6,5,7,9
124044,DK,5,5,5,5,3,3,3,5
124047,DK,5,8,8,8,5,5,5,5
124076,DK,6,No trust at all,No trust at all,2,No trust at all,No trust at all,No trust at all,1
124128,DK,7,7,9,9,7,8,6,7
124131,DK,9,8,9,8,7,7,7,8
124170,DK,8,No trust at all,Complete trust,Complete trust,6,3,2,8
124189,DK,7,8,7,8,7,6,7,7
124190,DK,4,2,5,5,5,2,Don't know,5
124256,DK,9,8,8,8,5,6,6,8
124453,DK,4,2,5,Complete trust,No trust at all,No trust at all,5,2
124470,DK,8,9,Complete trust,Complete trust,9,9,8,8
124709,DK,5,4,4,6,7,8,6,4
124713,DK,6,5,6,2,4,4,3,3
124899,DK,8,7,9,9,7,8,7,8
125013,DK,8,7,9,7,6,8,5,9
125022,DK,8,9,9,Complete trust,1,1,No trust at all,7
125039,DK,7,6,8,8,5,5,4,5
125046,DK,8,6,8,8,6,6,6,8
125067,DK,5,4,6,8,3,5,5,6
125101,DK,8,8,9,Complete trust,7,7,7,7
125152,DK,5,No trust at all,No trust at all,8,3,No trust at all,No trust at all,5
125249,DK,7,8,Complete trust,9,8,8,6,8
125278,DK,8,9,9,9,8,8,8,9
125320,DK,8,5,8,6,5,6,7,9
125351,DK,7,7,7,9,7,7,7,8
125381,DK,7,9,8,6,8,8,No trust at all,6
125417,DK,8,7,Complete trust,9,5,5,5,7
125538,DK,6,4,6,8,3,3,5,5
125605,DK,7,5,7,8,3,5,6,8
125611,DK,9,7,9,Complete trust,6,6,8,9
125620,DK,9,9,Complete trust,Complete trust,6,5,5,9
125623,DK,8,7,8,8,7,7,6,8
125686,DK,5,3,7,7,2,4,4,4
125722,DK,6,8,9,8,4,3,7,8
125768,DK,8,8,8,7,7,7,6,8
125805,DK,Most people can be trusted,Don't know,8,8,6,Don't know,8,8
125812,DK,8,8,9,Complete trust,8,7,5,8
125954,DK,5,5,8,8,4,4,2,6
125978,DK,6,7,9,Complete trust,5,5,5,7
126175,DK,7,4,8,7,8,8,8,7
126195,DK,5,7,9,7,4,6,7,3
126234,DK,8,7,8,9,6,6,7,7
126257,DK,8,8,9,9,6,6,5,8
126325,DK,9,8,8,8,8,8,6,6
126351,DK,9,8,9,7,7,7,5,5
126352,DK,Most people can be trusted,9,9,9,8,8,8,8
126447,DK,9,6,8,8,6,6,7,8
126465,DK,8,Complete trust,Complete trust,Complete trust,7,7,6,Complete trust
126468,DK,7,5,4,8,7,7,7,9
126469,DK,5,6,6,8,6,6,5,5
126484,DK,1,3,3,8,2,3,Don't know,Don't know
126495,DK,5,3,6,6,3,3,4,5
126545,DK,1,8,Complete trust,5,5,5,5,9
126599,DK,8,7,8,Complete trust,5,5,4,9
126625,DK,7,5,7,8,5,5,5,5
126638,DK,9,7,8,9,6,6,8,9
126647,DK,6,4,6,8,6,5,6,6
126653,DK,7,7,8,Complete trust,7,7,5,7
126659,DK,5,4,4,8,5,5,2,2
126693,DK,5,No trust at all,9,9,No trust at all,No trust at all,No trust at all,2
126742,DK,8,7,7,8,6,5,2,2
126771,DK,7,5,7,8,8,7,6,8
126807,DK,5,3,Complete trust,8,3,3,3,8
126926,DK,7,1,8,9,No trust at all,1,No trust at all,7
126949,DK,7,6,9,9,6,6,5,6
126952,DK,7,5,8,9,5,4,Don't know,Don't know
127015,DK,8,6,8,8,4,4,6,7
127056,DK,9,Don't know,7,7,5,5,Complete trust,9
127058,DK,4,2,5,7,2,No trust at all,No trust at all,2
127075,DK,Most people can be trusted,1,7,Complete trust,3,2,7,8
127113,DK,7,6,8,4,5,6,6,8
127234,DK,6,5,7,Complete trust,5,4,3,5
127291,DK,9,8,8,7,2,4,5,6
127306,DK,9,4,7,8,2,3,6,5
127345,DK,6,5,8,7,3,4,Don't know,7
127429,DK,6,8,8,6,4,1,6,4
127435,DK,Most people can be trusted,8,Complete trust,6,7,7,8,8
127447,DK,6,No trust at all,4,Complete trust,No trust at all,No trust at all,No trust at all,Don't know
127504,DK,7,6,9,Complete trust,5,5,4,7
127511,DK,8,8,9,9,5,6,6,6
127576,DK,7,7,6,8,5,5,5,6
127622,DK,Most people can be trusted,Complete trust,Complete trust,Complete trust,8,7,Don't know,8
127641,DK,8,8,Complete trust,Complete trust,8,8,8,8
127701,DK,Most people can be trusted,5,Don't know,9,1,4,4,Don't know
127841,DK,7,4,4,6,3,5,7,5
127994,DK,8,4,6,8,4,4,3,5
128018,DK,8,9,Complete trust,Complete trust,8,9,8,8
128019,DK,Most people can be trusted,7,5,5,2,3,4,5
128028,DK,7,8,9,8,6,7,6,7
128040,DK,6,7,8,9,5,6,7,8
128062,DK,7,9,9,6,7,8,7,8
128137,DK,7,5,9,9,4,4,3,3
128182,DK,8,7,9,7,7,5,Refusal,8
128217,DK,7,8,8,8,8,8,9,7
128246,DK,You can't be too careful,8,9,9,6,6,6,6
128278,DK,8,Don't know,8,8,5,3,6,5
128321,DK,7,9,Complete trust,Complete trust,Complete trust,9,Complete trust,Complete trust
128327,DK,9,8,9,9,7,8,8,Don't know
128418,DK,7,6,8,8,7,7,Don't know,7
128426,DK,7,5,6,Complete trust,4,4,3,4
128439,DK,8,8,9,9,6,6,6,6
128445,DK,7,6,4,4,4,6,7,8
128471,DK,8,7,8,8,7,8,6,7
128488,DK,6,6,5,8,4,5,7,8
128596,DK,7,3,7,9,2,2,No trust at all,4
128614,DK,3,5,9,Complete trust,5,5,8,8
128645,DK,9,9,9,9,9,9,5,8
128685,DK,7,6,7,7,3,1,3,4
128711,DK,8,9,Complete trust,9,8,8,8,8
128797,DK,8,8,8,9,6,6,7,8
128801,DK,8,8,9,9,7,7,7,8
128840,DK,8,5,3,1,No trust at all,5,8,8
128912,DK,7,8,8,8,4,4,4,3
128956,DK,Most people can be trusted,8,9,9,7,7,Don't know,6
128969,DK,5,5,5,5,3,5,5,7
128994,DK,7,7,8,7,7,7,7,Don't know
129025,DK,7,4,9,7,2,4,3,5
129077,DK,Most people can be trusted,3,8,8,No trust at all,4,4,4
129141,DK,9,5,Complete trust,9,5,5,5,7
129153,DK,4,2,3,6,4,4,2,3
129383,DK,3,7,8,7,6,6,6,6
129421,DK,5,No trust at all,6,6,2,1,No trust at all,No trust at all
129508,DK,9,5,8,8,7,6,Don't know,8
129574,DK,8,7,8,8,6,7,7,8
129709,DK,8,8,9,8,6,4,4,6
129712,DK,6,5,3,8,3,3,3,3
129754,DK,8,7,7,6,5,5,4,6
129768,DK,8,7,8,9,7,7,5,7
129804,DK,8,5,5,5,5,8,5,5
129823,DK,5,No trust at all,9,Complete trust,1,No trust at all,No trust at all,8
129965,DK,3,3,5,4,2,2,7,4
130001,DK,3,1,7,5,1,1,1,2
130058,DK,8,Complete trust,Complete trust,Complete trust,7,8,No trust at all,8
130078,DK,5,8,Complete trust,Complete trust,8,8,6,5
130090,DK,3,7,7,6,7,6,4,8
130177,DK,7,8,7,8,8,7,7,8
130192,DK,7,5,8,7,6,6,5,6
130251,DK,8,8,9,9,5,5,3,8
130293,DK,8,6,Complete trust,Complete trust,8,7,5,7
130303,DK,7,9,9,Complete trust,5,5,7,8
130348,DK,8,6,7,8,7,7,7,5
130349,DK,3,6,8,9,7,8,6,8
130379,DK,7,5,7,5,5,5,5,7
130390,DK,2,4,9,9,2,2,Don't know,8
130412,DK,6,2,7,7,4,3,3,5
130417,DK,7,5,5,8,4,4,8,Don't know
130451,DK,7,7,9,9,7,7,6,8
130583,DK,4,5,8,9,3,3,7,7
130664,DK,5,2,9,2,7,No trust at all,5,5
130736,DK,7,8,9,Complete trust,8,8,9,9
130753,DK,7,6,7,9,7,6,3,Don't know
130784,DK,5,3,3,3,3,2,2,4
130838,DK,7,1,No trust at all,9,4,5,No trust at all,No trust at all
130842,DK,9,9,9,9,7,9,9,Complete trust
130905,DK,5,5,Complete trust,Complete trust,4,5,4,5
130932,DK,8,6,9,9,6,7,6,6
130951,DK,7,7,8,8,6,6,7,7
130980,DK,8,8,8,8,7,6,7,7
131004,DK,9,9,9,9,8,7,7,6
131072,DK,6,5,8,8,3,3,3,8
131228,DK,9,8,9,Complete trust,7,7,6,8
131288,DK,7,8,9,8,5,5,3,6
131326,DK,9,8,9,8,7,7,6,7
131366,DK,6,7,5,8,7,6,5,6
131429,DK,8,7,9,7,6,6,6,5
131432,DK,Most people can be trusted,Complete trust,Complete trust,Complete trust,6,Complete trust,3,Complete trust
131603,DK,6,5,3,5,2,2,Don't know,Don't know
131607,DK,4,4,7,6,2,2,2,4
131760,DK,6,6,6,2,8,7,4,3
131762,DK,8,8,7,9,7,6,8,8
131883,DK,7,4,2,8,5,6,4,5
131943,DK,7,5,7,4,2,No trust at all,Don't know,Don't know
131973,DK,7,8,8,Complete trust,6,8,8,9
132052,DK,8,8,9,8,6,6,7,7
132063,DK,9,7,8,9,6,7,7,8
132065,DK,7,6,6,8,8,7,6,6
132118,DK,9,7,9,9,7,7,7,8
132178,DK,7,8,Complete trust,9,6,6,8,Complete trust
132188,DK,9,7,Complete trust,9,4,5,3,3
132311,DK,9,Complete trust,Complete trust,Complete trust,5,5,Complete trust,5
132315,DK,8,6,8,9,5,6,6,8
132320,DK,6,3,7,9,3,3,No trust at all,5
132363,DK,8,8,9,Complete trust,3,4,2,2
132367,DK,5,8,8,9,5,5,7,7
132472,DK,5,5,8,7,6,5,5,5
132488,DK,4,3,5,7,3,3,3,3
132507,DK,8,Complete trust,Complete trust,9,7,7,6,7
132581,DK,9,3,9,9,2,3,6,2
132640,DK,4,3,4,3,2,2,3,2
132704,DK,7,7,8,8,7,7,8,8
132710,DK,7,3,7,9,3,4,3,4
132852,DK,8,5,8,Complete trust,7,7,6,7
132858,DK,8,6,7,7,6,5,5,6
132874,DK,8,8,Complete trust,9,4,4,8,5
132973,DK,8,7,8,9,4,5,4,8
133013,DK,5,6,4,4,5,5,6,5
133026,DK,7,4,8,Complete trust,4,5,9,9
133068,DK,5,5,8,8,5,5,5,7
133120,DK,8,9,9,8,7,7,8,Complete trust
133270,DK,8,8,8,8,7,7,7,6
133280,DK,7,7,8,7,5,6,4,5
133286,DK,8,8,8,8,7,7,6,8
133303,DK,4,7,7,7,5,6,3,4
133322,DK,7,Don't know,9,9,7,8,8,7
133413,DK,5,7,8,8,7,6,6,6
133427,DK,Most people can be trusted,7,9,8,7,6,6,5
133428,DK,Most people can be trusted,7,Complete trust,8,6,6,6,9
133529,DK,Most people can be trusted,7,Complete trust,8,5,5,7,7
133546,DK,7,8,Complete trust,Complete trust,5,6,3,6
133589,DK,4,2,4,2,2,2,3,4
133621,DK,7,5,7,9,4,4,Don't know,7
133640,DK,4,3,5,5,2,2,2,6
133669,DK,7,7,9,9,6,6,4,8
133675,DK,8,8,9,8,5,4,Don't know,7
133683,DK,7,9,8,Complete trust,8,7,8,6
133699,DK,8,7,8,9,5,3,5,5
133835,DK,8,7,8,Complete trust,7,7,2,2
133842,DK,7,5,8,9,4,4,5,6
133917,DK,7,3,8,8,4,4,2,5
133970,DK,6,8,Complete trust,Complete trust,8,7,7,6
133972,DK,7,7,8,9,5,5,7,8
134109,DK,9,7,8,9,6,7,6,7
134129,DK,8,5,6,7,5,5,1,1
134144,DK,5,7,7,8,7,7,Don't know,6
134222,DK,3,4,6,7,5,4,4,6
134236,DK,Most people can be trusted,5,9,9,4,4,5,6
134311,DK,7,9,Complete trust,Complete trust,8,7,7,7
134319,DK,9,7,Complete trust,Complete trust,7,5,4,3
134333,DK,9,8,8,9,7,7,8,9
134358,DK,8,5,5,8,4,4,3,4
134376,DK,Most people can be trusted,6,8,9,7,6,5,Don't know
134382,DK,5,6,8,8,5,5,5,5
134584,DK,6,8,8,9,8,7,7,8
134743,DK,6,8,9,7,6,6,6,7
134747,DK,7,5,6,6,6,6,No trust at all,7
134774,DK,5,Complete trust,7,Complete trust,7,7,2,3
134868,DK,8,7,8,9,7,7,6,8
134875,DK,8,6,8,6,7,6,8,7
134893,DK,9,2,6,No trust at all,3,2,5,3
134941,DK,6,6,7,8,5,5,4,6
134970,DK,8,6,7,7,5,5,5,6
135018,DK,6,6,3,6,No trust at all,No trust at all,No trust at all,No trust at all
135022,DK,6,5,7,8,5,5,4,7
135153,DK,Most people can be trusted,8,9,Complete trust,7,7,6,7
135200,DK,8,9,Complete trust,Complete trust,8,8,7,7
135221,DK,9,7,8,8,8,8,6,7
135225,DK,6,5,5,5,4,4,4,6
135226,DK,4,2,5,5,2,1,2,5
135291,DK,9,7,8,8,6,6,6,7
135394,DK,9,2,9,9,4,4,5,5
135405,DK,5,8,3,8,7,6,8,8
135466,DK,8,8,9,Complete trust,5,5,4,5
135470,DK,9,8,8,9,7,7,5,7
135553,DK,6,7,8,8,7,7,5,8
135568,DK,8,8,9,9,7,6,9,9
135589,DK,9,7,Complete trust,Complete trust,7,7,Don't know,7
135596,DK,7,3,7,8,1,1,6,6
135687,DK,7,8,Complete trust,Complete trust,7,7,7,7
135762,DK,4,2,4,8,1,No trust at all,2,4
135810,DK,Most people can be trusted,7,9,8,5,7,6,8
135858,DK,5,4,6,7,3,5,7,7
135877,DK,8,8,No answer,9,6,6,6,6
135905,DK,6,5,7,8,4,4,4,5
135914,DK,7,8,9,8,6,6,7,7
135935,DK,8,8,9,9,6,7,8,8
135974,DK,1,7,5,9,3,2,No trust at all,1
136011,DK,6,7,8,8,6,6,7,8
136043,DK,8,5,8,8,4,4,4,7
136078,DK,7,8,9,9,7,7,7,9
136135,DK,8,7,8,8,8,7,8,9
136172,DK,9,9,9,Complete trust,8,8,8,8
136186,DK,Most people can be trusted,5,Complete trust,Complete trust,3,3,Don't know,5
136193,DK,Most people can be trusted,3,6,8,5,5,5,5
136301,DK,Most people can be trusted,8,Complete trust,7,8,8,6,5
136400,DK,8,9,Complete trust,Complete trust,8,8,8,Complete trust
136429,DK,5,6,7,7,7,7,7,7
136438,DK,7,6,7,9,5,6,4,7
136447,DK,9,6,6,7,4,6,5,6
136455,DK,6,5,5,8,4,4,4,5
136496,DK,5,No trust at all,5,Complete trust,No trust at all,No trust at all,6,No trust at all
136537,DK,7,Complete trust,9,Complete trust,7,6,8,8
136559,DK,7,7,8,8,6,6,6,7
136562,DK,5,2,5,8,3,3,1,7
136662,DK,8,9,Complete trust,8,7,7,8,6
136690,DK,8,6,8,7,6,5,2,5
136700,DK,Most people can be trusted,8,9,9,8,4,4,8
136756,DK,8,8,Complete trust,Complete trust,7,9,3,5
136806,DK,8,7,Complete trust,9,6,6,5,8
136837,DK,Most people can be trusted,7,9,9,6,6,6,8
136941,DK,8,8,9,8,6,6,6,7
136942,DK,7,7,8,9,6,6,7,7
137015,DK,8,5,6,9,5,7,5,5
137033,DK,6,5,6,4,4,6,3,4
137116,DK,8,8,9,9,6,7,6,8
137141,DK,8,8,Complete trust,9,7,7,8,8
137220,DK,8,4,7,9,3,4,4,7
137226,DK,8,5,6,7,6,6,5,7
137237,DK,5,8,4,Complete trust,8,8,8,Complete trust
137434,DK,8,5,8,8,5,5,6,7
137455,DK,5,No trust at all,3,8,No trust at all,No trust at all,No trust at all,Don't know
137482,DK,Most people can be trusted,9,9,9,9,9,9,5
137500,DK,4,6,7,8,5,5,Don't know,7
137618,DK,8,7,Complete trust,Complete trust,6,7,7,8
137712,DK,8,7,Complete trust,Complete trust,4,4,5,6
137715,DK,7,Complete trust,Complete trust,Complete trust,Complete trust,Complete trust,8,6
137723,DK,6,2,9,2,3,7,3,9
137738,DK,2,2,6,8,3,3,Don't know,Don't know
137864,DK,7,8,8,9,7,7,7,7
137906,DK,5,4,8,7,4,4,6,7
137972,DK,7,8,Complete trust,8,4,7,7,7
138036,DK,4,6,7,8,6,7,8,7
138097,DK,8,5,9,9,3,3,3,5
138187,DK,8,6,8,5,6,4,6,8
138204,DK,9,6,9,8,8,8,8,8
138302,DK,5,7,8,9,5,4,5,8
138400,DK,4,3,8,6,3,3,4,5
138455,DK,8,5,8,8,3,3,4,6
138500,DK,7,6,7,Complete trust,8,8,6,Complete trust
138508,DK,9,5,9,Complete trust,7,6,3,7
138600,DK,7,8,8,8,7,7,6,7
138604,DK,7,7,9,9,6,6,6,7
138606,DK,7,6,8,8,3,3,3,7
138629,DK,9,8,9,Complete trust,7,7,8,5
138650,DK,7,8,8,Complete trust,7,7,8,Complete trust
138749,DK,7,7,9,8,6,4,7,6
138758,DK,6,6,9,9,6,6,4,8
138761,DK,9,9,9,9,7,6,6,5
138770,DK,8,7,9,Complete trust,5,4,2,3
138834,DK,8,6,8,9,6,7,7,7
138846,DK,8,5,8,7,3,4,3,4
138878,DK,Most people can be trusted,Complete trust,Complete trust,Complete trust,8,8,8,Complete trust
138910,DK,7,2,6,7,3,3,4,4
138933,DK,6,8,8,8,8,8,3,3
138958,DK,3,7,8,8,6,7,5,6
138992,DK,Most people can be trusted,9,Complete trust,Complete trust,9,8,9,Complete trust
139028,DK,5,8,8,9,8,6,Don't know,8
139040,DK,6,3,3,3,2,3,1,3
139044,DK,6,4,8,Complete trust,2,5,Don't know,Don't know
139061,DK,6,7,7,7,4,5,4,4
139144,DK,9,8,8,9,6,7,4,3
139235,DK,8,8,9,8,7,7,6,7
139281,DK,5,3,6,7,3,3,3,5
139291,DK,Don't know,4,5,5,8,Don't know,4,4
139292,DK,Most people can be trusted,6,Complete trust,8,4,4,7,9
139298,DK,8,6,9,9,7,7,6,9
139371,DK,8,5,8,8,7,7,5,7
139417,DK,3,2,2,No trust at all,2,2,2,1
139441,DK,5,7,9,8,4,7,9,9
139482,DK,8,8,Complete trust,Complete trust,7,7,8,Complete trust
139504,DK,6,5,7,8,6,6,5,6
139543,DK,6,3,3,4,1,2,3,1
139546,DK,9,Complete trust,Complete trust,Complete trust,9,Complete trust,9,Complete trust
139560,DK,Most people can be trusted,9,9,9,7,7,7,7
139577,DK,5,5,4,3,2,4,4,5
139592,DK,9,9,9,Complete trust,8,7,5,4
139612,DK,7,1,8,8,1,1,3,3
139638,DK,7,8,7,8,8,7,8,8
139681,DK,6,8,9,9,7,5,5,5
139814,DK,5,6,6,8,6,5,8,Don't know
139829,DK,9,8,9,7,2,5,2,8
140091,DK,8,6,9,8,6,6,5,6
140234,DK,9,8,9,Complete trust,8,9,Complete trust,9
140278,DK,3,3,6,8,2,2,5,7
140289,DK,6,5,6,7,5,7,5,7
140312,DK,9,8,Complete trust,8,8,8,7,5
140321,DK,8,8,Complete trust,9,5,7,7,9
140438,DK,5,8,7,5,5,5,4,4
140448,DK,7,6,8,9,6,7,7,7
140504,DK,8,5,8,Complete trust,4,4,5,8
140523,DK,7,8,7,8,7,6,3,3
140616,DK,8,5,8,9,5,5,5,5
140618,DK,7,3,8,7,2,2,5,7
140647,DK,5,3,5,7,2,2,4,4
140757,DK,7,7,9,9,6,7,7,7
140843,DK,8,8,9,9,6,7,8,8
140856,DK,6,8,9,8,2,3,2,8
140902,DK,8,7,9,9,7,7,8,8
140989,DK,9,7,8,7,7,7,7,8
141006,DK,6,7,7,8,6,5,8,7
141130,DK,9,Complete trust,Complete trust,Complete trust,7,7,Don't know,Don't know
141142,DK,2,7,Complete trust,Complete trust,4,4,4,9
141227,DK,8,9,Complete trust,9,9,7,6,6
141387,DK,5,No trust at all,5,7,No trust at all,No trust at all,Don't know,2
141398,DK,2,3,No trust at all,No trust at all,3,3,3,3
141508,DK,9,Complete trust,Complete trust,8,7,7,8,8
141541,DK,4,8,Complete trust,Complete trust,Don't know,5,Don't know,6
141564,DK,8,5,6,7,5,5,5,7
141583,DK,5,5,8,8,2,2,5,5
141627,DK,7,7,8,8,6,6,5,7
141630,DK,6,7,7,9,7,5,6,6
141665,DK,6,6,9,9,6,6,4,8
141865,DK,Most people can be trusted,6,Complete trust,7,5,5,5,9
141890,DK,7,7,9,9,6,5,5,Complete trust
141902,DK,6,5,8,6,4,5,8,8
141952,DK,8,6,7,7,7,5,4,5
142009,DK,8,7,7,8,8,7,2,2
142013,DK,9,2,6,8,2,1,2,6
142072,DK,8,5,9,9,5,6,7,7
142096,DK,9,3,4,6,3,3,Don't know,8
142110,DK,7,8,9,9,8,8,4,7
142203,DK,7,5,5,5,5,5,3,No trust at all
142210,DK,7,7,9,9,5,5,3,8
142291,DK,6,6,8,8,5,5,3,5
142311,DK,7,7,8,8,6,6,6,6
142419,DK,6,4,6,Complete trust,4,4,6,6
142473,DK,3,7,5,8,6,7,8,6
142527,DK,7,8,9,Complete trust,8,8,5,5
142588,DK,6,8,9,9,6,7,3,8
142704,DK,3,6,9,Complete trust,6,7,7,8
142781,DK,Most people can be trusted,6,6,7,6,6,6,8
142788,DK,8,8,9,7,6,5,5,8
142803,DK,8,7,7,9,7,7,6,8
142894,DK,6,7,Complete trust,9,5,8,7,9
142986,DK,7,7,5,7,5,4,4,4
143058,DK,5,6,9,9,4,4,6,7
143079,DK,4,No trust at all,5,7,2,4,No trust at all,No trust at all
143081,DK,7,8,9,9,7,5,5,7
143095,DK,2,3,3,5,8,2,Don't know,Don't know
143183,DK,5,8,7,Complete trust,6,8,8,6
143205,DK,Most people can be trusted,4,9,9,4,6,4,7
143219,DK,8,1,9,9,4,7,9,9
143260,DK,4,5,5,6,3,3,Don't know,6
143387,DK,8,4,6,8,5,5,2,2
143403,DK,4,5,8,8,6,5,5,8
143407,DK,9,2,9,9,1,1,No trust at all,5
143522,DK,9,9,Complete trust,Complete trust,6,8,8,9
143560,DK,9,8,9,Complete trust,5,5,5,5
143609,DK,8,6,8,7,6,6,6,7
143622,DK,7,7,8,8,7,7,7,7
143817,DK,Most people can be trusted,Complete trust,Complete trust,9,7,7,6,6
143857,DK,5,7,7,7,7,7,5,7
143892,DK,8,9,Complete trust,9,6,4,6,7
143903,DK,Most people can be trusted,3,9,8,3,3,5,6
143993,DK,7,4,7,6,2,3,2,5
144010,DK,7,7,8,7,6,6,6,5
144039,DK,8,5,8,8,4,4,3,7
144060,DK,7,8,Complete trust,9,7,7,8,9
144065,DK,4,3,5,7,3,4,5,5
144094,DK,5,6,9,9,4,6,Don't know,Don't know
144155,DK,8,9,9,Complete trust,7,8,8,7
144172,DK,8,5,3,9,5,4,5,9
144192,DK,2,7,7,8,4,4,Don't know,9
144284,DK,8,3,7,7,3,3,3,5
144424,DK,6,4,5,5,4,4,2,4
144517,DK,9,5,8,8,7,7,6,8
144586,DK,8,Complete trust,7,7,3,2,No trust at all,5
144663,DK,7,7,9,8,7,7,7,6
144679,DK,9,6,6,8,5,5,5,5
144719,DK,4,4,5,7,6,3,Don't know,Don't know
144755,DK,8,4,5,6,6,6,5,5
144767,DK,7,5,8,7,5,5,6,7
144812,DK,8,8,9,Complete trust,6,5,5,8
144830,DK,7,No trust at all,5,6,2,No trust at all,No trust at all,No trust at all
144896,DK,7,4,8,8,4,5,6,8
144911,DK,8,5,8,9,5,5,Don't know,Don't know
145037,DK,9,6,9,8,5,5,6,8
145054,DK,6,7,8,8,6,6,6,7
145076,DK,7,9,7,9,5,5,7,Complete trust
145089,DK,8,5,8,7,2,2,5,6
145117,DK,9,4,7,8,4,4,7,9
145163,DK,7,7,9,Complete trust,6,6,5,5
145216,DK,8,8,8,8,7,7,8,9
145218,DK,Most people can be trusted,6,6,Complete trust,5,6,Don't know,5
145272,DK,8,8,9,9,7,7,7,7
145296,DK,7,8,8,9,6,5,8,9
145317,DK,6,3,5,8,8,3,9,5
145351,DK,7,4,8,8,6,5,5,8
145374,DK,4,4,7,5,3,3,2,4
145391,DK,8,8,9,9,6,7,4,7
145410,DK,9,Complete trust,9,9,9,8,No trust at all,No trust at all
145567,DK,5,7,4,9,5,4,3,3
145688,DK,9,7,7,9,6,6,6,8
145702,DK,9,5,9,9,5,5,1,1
145749,DK,7,5,8,9,5,5,5,5
145866,DK,8,9,Complete trust,Complete trust,7,8,7,6
146100,DK,6,3,7,8,3,3,3,5
146252,DK,7,7,3,9,7,7,3,3
146261,DK,5,7,3,2,4,5,3,5
146279,DK,2,7,8,8,3,3,5,7
146280,DK,8,4,8,8,2,4,No trust at all,7
146315,DK,5,6,7,6,6,6,7,Don't know
146339,DK,8,7,8,9,6,7,6,7
146395,DK,7,8,8,9,7,8,9,9
146400,DK,2,No trust at all,3,6,No trust at all,No trust at all,No trust at all,No trust at all
146447,DK,7,8,6,6,8,8,7,6
146464,DK,2,7,6,6,6,5,6,4
146522,DK,8,8,9,9,7,5,7,9
146578,DK,Most people can be trusted,5,8,7,2,2,2,6
146648,DK,8,6,9,9,4,5,4,7
146689,DK,6,3,3,5,2,2,4,5
146703,DK,7,6,9,Complete trust,5,5,7,8
146709,DK,7,6,7,8,5,6,6,Don't know
146743,DK,7,9,9,Complete trust,4,5,7,9
146912,DK,7,7,9,Complete trust,5,5,5,7
147051,DK,9,6,8,8,5,6,8,9
147115,DK,Most people can be trusted,7,9,9,6,7,5,7
147180,DK,8,8,Complete trust,9,7,7,5,5
147254,DK,8,7,9,7,5,5,6,7
147357,DK,8,5,Complete trust,Complete trust,2,2,No trust at all,7
147364,DK,5,8,9,Complete trust,6,7,No trust at all,4
147453,DK,7,3,4,3,2,3,5,3
147486,DK,5,1,1,Complete trust,7,7,5,3
147490,DK,7,5,9,8,6,7,3,6
147509,DK,3,2,5,7,1,4,5,5
147519,DK,3,3,Don't know,2,No trust at all,2,Don't know,Don't know
147628,DK,7,5,5,5,5,3,3,5
147645,DK,9,8,Complete trust,9,8,7,7,9
147808,DK,5,5,9,Complete trust,5,5,7,9
147866,DK,8,7,Complete trust,Complete trust,5,5,6,7
148003,DK,6,3,4,5,3,3,3,5
148030,DK,9,9,9,9,8,6,8,8
148039,DK,6,5,4,6,5,6,4,6
148075,DK,8,7,8,8,6,6,8,7
148117,DK,4,1,5,8,1,1,No trust at all,4
148123,DK,6,4,8,8,3,5,3,3
148189,DK,8,9,Complete trust,Complete trust,8,8,8,8
148214,DK,8,8,9,9,7,8,6,8
148217,DK,9,9,8,7,6,7,5,6
148303,DK,7,6,8,9,7,4,4,4
148376,DK,4,5,5,5,2,2,No trust at all,7
148415,DK,5,6,8,7,7,6,6,8
148416,DK,8,8,8,9,8,8,8,8
148492,DK,8,7,8,8,6,5,6,9
148618,DK,8,8,5,Complete trust,7,Complete trust,Complete trust,Complete trust
148667,DK,5,3,5,4,1,1,2,3
148744,DK,5,3,6,8,3,2,2,5
148758,DK,8,5,7,8,5,5,6,6
148779,DK,5,5,7,8,1,2,2,2
148821,DK,8,2,8,Complete trust,2,3,No trust at all,5
148837,DK,5,7,9,8,7,7,8,9
148848,DK,8,5,9,9,4,5,3,8
148922,DK,8,3,No trust at all,Complete trust,2,2,2,3
148933,DK,8,8,8,8,7,4,4,8
149006,DK,Most people can be trusted,6,7,8,5,4,6,8
149017,DK,6,7,9,8,5,5,5,7
149045,DK,6,1,2,3,1,1,No trust at all,3
149134,DK,9,7,9,7,6,5,Don't know,8
149167,DK,7,2,8,7,4,3,1,1
149176,DK,5,4,3,Complete trust,2,2,2,2
149242,DK,Most people can be trusted,3,6,5,2,2,2,4
149262,DK,Most people can be trusted,4,6,8,6,5,2,3
149313,DK,3,7,9,4,2,2,1,6
149374,DK,8,2,8,4,2,2,4,8
149443,DK,6,7,7,5,Don't know,Don't know,8,8
149475,DK,5,5,7,9,5,5,5,6
149542,DK,8,6,8,8,3,3,5,5
149562,DK,8,7,9,6,3,2,7,5
149589,DK,5,3,6,8,2,1,3,Don't know
149671,DK,9,8,9,9,8,7,7,8
149717,DK,8,8,3,9,5,6,5,9
149795,DK,8,Complete trust,8,Complete trust,7,7,5,8
149835,DK,4,2,6,9,1,2,No trust at all,7
149856,DK,7,9,7,8,6,6,6,4
149977,DK,8,6,9,9,5,4,6,8
150131,DK,Most people can be trusted,6,8,8,6,6,5,8
150359,DK,8,5,Complete trust,9,5,2,5,8
150390,DK,7,8,7,8,6,6,7,8
150446,DK,4,8,7,Complete trust,Don't know,Don't know,Don't know,Don't know
